<cards>
    <card>
        <cardId>1</cardId>
        <title>Nic</title>
        <cardDesc>akldbvskdfvsf</cardDesc>
            <optionA>
                <desc>fjgsdhgfs</desc>
                <effects>
                    <effect>
                        <attribute>healt</attribute>
                         <value>-1</value>
                    </effect>
                </effects>
            </optionA>
            <optionB>
                <desc>fjgsddgdfghgfs</desc>
                <effects>
                    <effect>
                        <attribute>healt</attribute>
                        <value>-1</value>
                    </effect>
                </effects>
            </optionB>
    </card>
    <card>
        <cardId>2</cardId>
        <title>Nids</title>
        <cardDesc>akldbvskdfvytjhf</cardDesc>
            <optionA>
                <desc>fjgsdhgfgdfgs</desc>
                <effects>
                    <effect>
                        <attribute>healt</attribute>
                        <value>-1</value>
                    </effect>
                </effects>
            </optionA>
            <optionB>
                <desc>fjgfgdshgfs</desc>
                <effects>
                    <effect>
                        <attribute>healt</attribute>
                        <value>-1</value>
                    </effect>
                </effects>
            </optionB>
    </card>
</cards>